n,classic(ms),cirilo(ms)
200000,70.438000,28.371000
200100,53.600000,28.179000
200200,53.368000,28.560000
200300,53.092000,28.081000
200400,53.343000,28.255000
200500,55.698000,28.461000
200600,53.231000,28.177000
200700,53.872000,29.662000
200800,53.613000,28.509000
200900,54.823000,28.665000
201000,54.654000,29.718000
201100,54.612000,29.018000
201200,53.482000,28.218000
201300,53.654000,28.426000
201400,53.434000,28.530000
201500,53.736000,28.932000
201600,53.917000,28.469000
201700,53.485000,28.328000
201800,53.905000,28.242000
201900,53.703000,28.489000
202000,53.631000,28.642000
202100,54.029000,28.495000
202200,53.959000,28.548000
202300,54.538000,28.738000
202400,53.776000,28.592000
202500,57.501000,37.944000
202600,74.004000,34.601000
202700,61.675000,31.887000
202800,62.620000,31.530000
202900,60.309000,30.825000
203000,62.916000,30.156000
203100,54.220000,28.727000
203200,56.374000,42.253000
203300,68.683000,33.672000
203400,62.210000,32.585000
203500,68.432000,32.946000
203600,58.456000,33.006000
203700,78.074000,34.819000
203800,54.480000,28.528000
203900,60.197000,28.846000
204000,54.262000,28.750000
204100,72.228000,37.560000
204200,63.904000,33.582000
204300,61.679000,32.784000
204400,61.593000,32.413000
204500,60.347000,32.700000
204600,58.004000,29.392000
204700,54.501000,28.826000
204800,54.619000,28.690000
204900,54.492000,28.887000
205000,54.561000,28.776000
205100,55.457000,30.391000
205200,55.831000,30.286000
205300,55.855000,29.606000
205400,56.008000,31.885000
205500,56.340000,29.857000
205600,63.139000,31.759000
205700,55.951000,29.705000
205800,56.387000,29.775000
205900,55.565000,29.153000
206000,54.901000,29.434000
206100,59.204000,30.969000
206200,59.299000,31.579000
206300,56.035000,29.115000
206400,54.986000,30.272000
206500,59.022000,30.630000
206600,56.912000,30.388000
206700,56.908000,29.283000
206800,54.976000,30.191000
206900,56.753000,29.112000
207000,55.960000,31.795000
207100,58.617000,29.997000
207200,57.122000,30.496000
207300,57.481000,30.697000
207400,66.157000,34.243000
207500,76.508000,43.446000
207600,62.822000,32.622000
207700,61.563000,34.920000
207800,66.417000,32.624000
207900,68.303000,32.343000
208000,61.260000,34.010000
208100,63.722000,33.373000
208200,58.305000,32.371000
208300,62.066000,33.224000
208400,62.392000,30.523000
208500,57.564000,30.768000
208600,58.029000,31.841000
208700,61.187000,36.385000
208800,69.319000,33.199000
208900,59.558000,31.822000
209000,78.928000,32.668000
209100,73.304000,47.308000
209200,67.578000,31.975000
209300,68.672000,36.214000
209400,89.539000,38.825000
209500,77.796000,31.810000
209600,67.326000,49.067000
209700,70.007000,35.896000
209800,70.890000,34.131000
209900,61.614000,31.035000
210000,56.849000,31.750000
210100,61.213000,45.779000
210200,77.107000,39.036000
210300,61.315000,32.113000
210400,61.934000,32.187000
210500,59.827000,30.429000
210600,57.677000,31.977000
210700,60.967000,32.550000
210800,58.072000,30.780000
210900,61.696000,34.283000
211000,64.324000,39.058000
211100,79.561000,44.995000
211200,91.123000,40.778000
211300,76.264000,42.896000
211400,84.461000,44.429000
211500,84.817000,48.544000
211600,79.395000,40.522000
211700,75.653000,38.873000
211800,66.395000,34.498000
211900,58.948000,34.607000
212000,63.761000,32.125000
212100,69.433000,40.768000
212200,68.140000,33.947000
212300,65.988000,33.135000
212400,60.652000,31.450000
212500,66.127000,37.940000
212600,80.359000,53.223000
212700,94.760000,52.154000
212800,98.663000,50.894000
212900,97.013000,52.775000
213000,103.147000,64.182000
213100,117.320000,68.554000
213200,123.138000,64.272000
213300,122.011000,67.862000
213400,125.970000,66.392000
213500,153.262000,68.699000
213600,131.863000,74.895000
213700,156.910000,78.446000
213800,139.098000,78.977000
213900,137.797000,76.356000
214000,125.897000,80.531000
214100,117.810000,60.007000
214200,109.793000,70.574000
214300,107.850000,64.692000
214400,137.322000,79.373000
214500,140.671000,73.403000
214600,142.171000,76.718000
214700,138.055000,73.812000
214800,149.723000,69.985000
214900,147.251000,66.127000
215000,123.509000,62.318000
215100,124.481000,59.299000
215200,111.152000,59.568000
215300,119.534000,60.709000
215400,112.234000,57.426000
215500,101.076000,53.587000
215600,96.333000,48.963000
215700,90.438000,47.045000
215800,90.594000,48.308000
215900,89.265000,47.345000
216000,89.536000,47.744000
216100,85.771000,45.411000
216200,84.718000,43.682000
216300,82.411000,43.851000
216400,79.529000,42.337000
216500,79.517000,42.236000
216600,81.389000,42.336000
216700,79.732000,41.059000
216800,76.930000,40.864000
216900,77.060000,40.857000
217000,77.759000,41.334000
217100,82.816000,45.559000
217200,85.318000,46.672000
217300,94.792000,53.025000
217400,96.269000,50.975000
217500,89.249000,46.311000
217600,85.862000,45.596000
217700,83.010000,44.036000
217800,84.326000,42.769000
217900,80.216000,42.418000
218000,80.049000,42.480000
218100,80.165000,41.659000
218200,87.600000,44.818000
218300,85.694000,46.369000
218400,88.868000,48.020000
218500,90.701000,48.325000
218600,88.159000,44.946000
218700,83.528000,44.368000
218800,82.826000,42.927000
218900,80.723000,42.808000
219000,81.429000,43.026000
219100,81.102000,42.712000
219200,80.898000,42.644000
219300,79.634000,41.732000
219400,80.608000,43.140000
219500,81.603000,43.087000
219600,81.010000,42.899000
219700,81.337000,42.779000
219800,81.463000,43.262000
219900,81.027000,45.003000
220000,90.310000,48.917000
220100,90.642000,50.365000
220200,97.489000,49.943000
220300,95.334000,49.334000
220400,90.373000,46.959000
220500,88.127000,46.526000
220600,88.468000,46.601000
220700,85.943000,44.798000
220800,84.463000,44.975000
220900,86.981000,46.352000
221000,87.472000,44.918000
221100,84.873000,45.408000
221200,85.099000,44.362000
221300,84.421000,44.910000
221400,84.280000,44.675000
221500,85.477000,45.520000
221600,84.392000,45.464000
221700,83.804000,44.025000
221800,82.241000,43.276000
221900,82.487000,43.705000
222000,81.722000,43.531000
222100,84.610000,46.292000
222200,82.018000,43.386000
222300,82.112000,42.960000
222400,81.699000,43.426000
222500,79.738000,41.934000
222600,79.124000,41.944000
222700,79.831000,41.953000
222800,79.241000,41.960000
222900,79.638000,42.058000
223000,79.264000,42.004000
223100,79.314000,41.931000
223200,79.228000,42.009000
223300,79.694000,41.708000
223400,80.044000,42.518000
223500,79.417000,41.345000
223600,76.920000,40.793000
223700,79.318000,42.090000
223800,79.167000,40.696000
223900,77.579000,40.829000
224000,76.939000,42.765000
224100,79.522000,42.360000
224200,80.048000,42.116000
224300,80.020000,42.125000
224400,79.831000,42.161000
224500,77.165000,40.890000
224600,77.082000,40.866000
224700,77.182000,40.820000
224800,77.228000,40.847000
224900,77.301000,40.987000
225000,77.874000,42.350000
225100,80.016000,42.403000
225200,79.333000,40.968000
225300,77.717000,40.712000
225400,77.328000,41.009000
225500,78.171000,42.400000
225600,80.119000,43.850000
225700,80.188000,42.909000
225800,80.197000,42.499000
225900,82.415000,42.685000
226000,80.266000,42.474000
226100,80.211000,42.513000
226200,78.731000,41.069000
226300,77.972000,40.958000
226400,77.620000,41.246000
226500,78.011000,41.159000
226600,77.709000,42.635000
226700,80.680000,42.676000
226800,80.867000,42.682000
226900,80.583000,41.322000
227000,78.002000,41.333000
227100,77.771000,41.415000
227200,80.502000,42.717000
227300,80.607000,42.684000
227400,80.319000,41.166000
227500,77.939000,41.407000
227600,78.207000,41.333000
227700,78.127000,41.385000
227800,79.704000,42.891000
227900,80.816000,42.782000
228000,81.002000,42.841000
228100,79.300000,42.657000
228200,81.152000,42.886000
228300,80.890000,42.855000
228400,79.909000,41.184000
228500,78.367000,41.472000
228600,78.364000,41.524000
228700,78.565000,41.485000
228800,81.377000,42.933000
228900,81.479000,42.987000
229000,79.185000,41.543000
229100,78.605000,41.644000
229200,78.541000,41.598000
229300,78.568000,41.670000
229400,81.531000,42.735000
229500,81.351000,43.473000
229600,81.363000,43.115000
229700,81.355000,43.175000
229800,81.235000,41.953000
229900,78.838000,41.776000
230000,78.740000,41.791000
230100,78.907000,41.737000
230200,81.888000,43.277000
230300,81.862000,43.236000
230400,82.092000,43.149000
230500,79.467000,41.913000
230600,79.130000,41.901000
230700,82.457000,43.292000
230800,81.854000,43.790000
230900,80.370000,42.032000
231000,79.307000,42.487000
231100,79.203000,42.016000
231200,79.386000,42.865000
231300,81.914000,43.505000
231400,81.543000,42.125000
231500,79.747000,41.852000
231600,79.443000,42.205000
231700,79.483000,42.222000
231800,79.938000,42.224000
231900,82.404000,43.646000
232000,82.373000,43.457000
232100,79.649000,42.330000
232200,79.571000,42.295000
232300,79.706000,42.225000
232400,79.748000,42.343000
232500,80.137000,42.412000
232600,82.617000,43.720000
232700,82.531000,42.965000
232800,79.904000,42.325000
232900,80.041000,42.423000
233000,79.981000,42.401000
233100,80.269000,42.440000
233200,80.179000,43.546000
233300,83.322000,43.978000
233400,82.952000,43.131000
233500,80.519000,42.276000
233600,80.284000,42.608000
233700,80.211000,42.493000
233800,80.289000,42.610000
233900,80.372000,42.591000
234000,81.908000,44.444000
234100,83.127000,44.573000
234200,81.757000,42.672000
234300,80.700000,43.035000
234400,80.658000,44.117000
234500,83.794000,44.023000
234600,81.778000,42.770000
234700,80.708000,42.745000
234800,81.127000,42.835000
234900,81.325000,44.417000
235000,83.499000,44.139000
235100,82.010000,42.834000
235200,80.843000,42.768000
235300,81.045000,42.865000
235400,80.924000,42.923000
235500,81.485000,42.975000
235600,83.271000,44.314000
235700,83.807000,44.421000
235800,83.805000,43.909000
235900,81.279000,42.980000
236000,81.141000,43.092000
236100,81.397000,43.122000
236200,81.341000,43.436000
236300,81.339000,43.280000
236400,84.289000,44.569000
236500,84.171000,44.667000
236600,81.827000,42.917000
236700,81.491000,43.107000
236800,81.452000,43.098000
236900,81.502000,43.369000
237000,83.493000,44.724000
237100,84.602000,44.803000
237200,83.870000,43.360000
237300,81.747000,43.253000
237400,81.764000,43.353000
237500,81.728000,43.261000
237600,82.219000,43.088000
237700,82.683000,44.920000
237800,84.723000,45.026000
237900,84.726000,43.826000
238000,82.079000,43.526000
238100,82.104000,43.582000
238200,82.228000,43.471000
238300,81.858000,43.473000
238400,82.238000,44.098000
238500,85.174000,44.968000
238600,85.744000,44.773000
238700,83.871000,43.600000
238800,83.831000,45.513000
238900,86.802000,46.240000
239000,85.031000,45.383000
239100,85.086000,45.155000
239200,85.204000,45.194000
239300,83.250000,45.503000
239400,85.923000,48.595000
239500,85.330000,45.251000
239600,85.499000,45.416000
239700,85.622000,44.977000
239800,85.317000,45.199000
239900,85.733000,45.262000
240000,85.735000,45.349000
240100,85.458000,45.227000
240200,91.828000,51.494000
240300,95.202000,50.925000
240400,97.852000,50.553000
240500,91.703000,49.634000
240600,91.915000,47.685000
240700,88.979000,46.757000
240800,92.076000,48.778000
240900,92.316000,48.761000
241000,89.930000,47.106000
241100,88.746000,47.090000
241200,87.567000,45.539000
241300,85.988000,45.574000
241400,86.022000,45.582000
241500,85.981000,45.661000
241600,85.960000,46.319000
241700,86.483000,45.350000
241800,86.133000,45.748000
241900,86.280000,44.615000
242000,83.862000,44.309000
242100,86.310000,45.839000
242200,86.343000,45.879000
242300,86.940000,45.972000
242400,86.928000,45.839000
242500,86.347000,45.824000
242600,86.464000,45.837000
242700,95.966000,47.249000
242800,89.401000,47.421000
242900,89.447000,47.275000
243000,86.985000,46.772000
243100,86.667000,46.002000
243200,86.563000,45.891000
243300,86.655000,46.192000
243400,87.594000,47.178000
243500,91.798000,49.337000
243600,94.251000,51.867000
243700,102.946000,52.771000
243800,101.299000,54.229000
243900,101.420000,53.201000
244000,97.615000,51.146000
244100,96.466000,49.336000
244200,93.345000,49.400000
244300,91.375000,47.778000
244400,90.136000,47.645000
244500,88.875000,47.203000
244600,89.019000,48.590000
244700,96.187000,52.765000
244800,99.587000,51.866000
244900,96.201000,52.024000
245000,97.865000,50.372000
245100,93.472000,50.002000
245200,90.401000,48.813000
245300,90.611000,47.897000
245400,90.467000,47.653000
245500,87.669000,46.878000
245600,91.575000,51.882000
245700,99.263000,53.490000
245800,106.053000,57.424000
245900,117.342000,60.897000
246000,109.493000,56.139000
246100,105.854000,55.059000
246200,102.584000,54.976000
246300,97.718000,52.415000
246400,97.769000,50.432000
246500,94.226000,49.887000
246600,91.140000,48.210000
246700,90.720000,48.163000
246800,90.189000,47.819000
246900,88.131000,46.703000
247000,88.817000,46.699000
247100,88.301000,46.706000
247200,88.644000,46.714000
247300,88.098000,46.746000
247400,88.826000,50.725000
247500,93.764000,49.455000
247600,91.347000,48.413000
247700,96.429000,52.740000
247800,98.722000,50.337000
247900,95.331000,49.886000
248000,92.176000,49.985000
248100,93.195000,48.595000
248200,91.425000,48.482000
248300,91.996000,48.549000
248400,88.468000,46.984000
248500,88.727000,47.020000
248600,88.626000,46.957000
248700,88.744000,46.192000
248800,85.806000,45.614000
248900,86.236000,45.233000
249000,86.292000,45.563000
249100,86.004000,45.933000
249200,89.150000,47.232000
249300,89.015000,47.178000
249400,88.991000,47.254000
249500,88.964000,47.098000
249600,87.476000,45.561000
249700,86.725000,45.703000
249800,87.495000,47.304000
249900,89.350000,47.231000
250000,89.099000,48.388000
250100,95.624000,52.496000
250200,101.789000,55.721000
250300,108.505000,60.194000
250400,111.899000,63.336000
250500,127.272000,61.883000
250600,117.507000,63.710000
250700,115.950000,59.266000
250800,106.675000,55.512000
250900,101.239000,52.356000
251000,97.240000,50.811000
251100,96.139000,50.217000
251200,92.693000,49.053000
251300,92.614000,49.103000
251400,93.147000,49.193000
251500,90.224000,47.609000
251600,89.614000,47.694000
251700,89.661000,47.486000
251800,89.599000,47.556000
251900,89.651000,45.796000
252000,86.901000,46.120000
252100,86.844000,46.026000
252200,87.267000,46.150000
252300,87.123000,46.651000
252400,90.034000,47.626000
252500,89.927000,47.846000
252600,88.187000,46.186000
252700,87.033000,46.325000
252800,86.959000,46.845000
252900,87.181000,47.564000
253000,90.727000,47.558000
253100,88.900000,46.241000
253200,87.184000,46.274000
253300,87.103000,46.301000
253400,87.347000,46.251000
253500,87.342000,47.139000
253600,87.823000,47.991000
253700,90.648000,47.977000
253800,89.853000,46.312000
253900,87.578000,46.325000
254000,87.796000,46.147000
254100,87.486000,46.362000
254200,88.209000,46.379000
254300,90.315000,48.087000
254400,90.730000,48.052000
254500,90.821000,46.832000
254600,87.766000,46.593000
254700,87.693000,46.528000
254800,87.927000,46.558000
254900,88.289000,46.688000
255000,91.447000,47.861000
255100,91.112000,48.152000
255200,90.228000,46.653000
255300,87.917000,46.777000
255400,88.024000,46.662000
255500,87.976000,46.613000
255600,88.392000,48.522000
255700,91.268000,48.581000
255800,91.477000,48.396000
255900,91.432000,48.568000
256000,91.816000,50.015000
256100,91.466000,48.440000
256200,91.248000,48.918000
256300,92.596000,49.134000
256400,98.747000,52.063000
256500,102.144000,53.854000
256600,108.363000,60.498000
256700,118.923000,66.875000
256800,122.329000,61.710000
256900,113.436000,59.416000
257000,108.429000,56.875000
257100,109.316000,54.998000
257200,102.058000,54.537000
257300,102.663000,54.061000
257400,103.250000,54.437000
257500,100.028000,52.243000
257600,99.370000,52.678000
257700,100.633000,62.078000
257800,118.385000,63.709000
257900,117.150000,59.363000
258000,116.194000,63.012000
258100,120.228000,62.369000
258200,119.010000,62.346000
258300,113.419000,58.868000
258400,107.688000,57.228000
258500,102.531000,54.244000
258600,105.257000,58.038000
258700,105.867000,56.818000
258800,121.047000,59.069000
258900,107.921000,56.692000
259000,102.399000,53.930000
259100,115.403000,63.404000
259200,126.887000,60.792000
259300,110.610000,57.692000
259400,105.640000,56.205000
259500,101.746000,53.212000
259600,100.175000,53.816000
259700,98.865000,52.295000
259800,95.730000,50.871000
259900,95.714000,50.910000
260000,100.302000,52.012000
260100,96.082000,50.444000
260200,95.247000,55.600000
260300,112.698000,59.961000
260400,108.703000,59.671000
260500,103.701000,55.764000
260600,100.416000,53.228000
260700,101.132000,56.044000
260800,102.901000,53.602000
260900,100.027000,52.778000
261000,97.178000,51.321000
261100,96.142000,51.283000
261200,95.435000,49.563000
261300,93.609000,49.570000
261400,93.141000,50.665000
261500,96.299000,51.140000
261600,97.486000,60.522000
261700,100.183000,53.155000
261800,97.809000,51.302000
261900,96.424000,51.216000
262000,96.086000,49.542000
262100,93.514000,49.792000
262200,99.277000,50.966000
262300,94.729000,50.723000
262400,104.051000,53.519000
262500,97.734000,51.471000
262600,96.972000,51.436000
262700,97.027000,49.600000
262800,96.012000,55.433000
262900,113.098000,59.544000
263000,109.448000,57.638000
263100,104.933000,55.578000
263200,101.141000,53.559000
263300,106.930000,58.421000
263400,106.741000,54.370000
263500,102.794000,54.441000
263600,103.672000,54.583000
263700,99.224000,52.820000
263800,97.859000,52.391000
263900,97.925000,51.599000
264000,97.484000,51.234000
264100,94.268000,50.010000
264200,97.475000,49.831000
264300,94.048000,50.502000
264400,99.409000,53.951000
264500,100.462000,52.004000
264600,97.652000,51.731000
264700,97.977000,51.834000
264800,101.602000,52.534000
264900,98.114000,55.740000
265000,101.955000,53.876000
265100,103.073000,54.180000
265200,101.472000,54.867000
265300,106.532000,55.595000
265400,101.831000,54.183000
265500,105.819000,57.475000
265600,106.756000,56.097000
265700,114.439000,66.504000
265800,120.050000,65.154000
265900,115.330000,58.952000
266000,108.789000,56.736000
266100,105.157000,54.904000
266200,102.352000,53.615000
266300,98.883000,51.794000
266400,98.319000,51.389000
266500,95.236000,50.566000
266600,95.174000,50.460000
266700,95.102000,50.551000
266800,92.382000,48.968000
266900,92.287000,48.946000
267000,92.255000,48.965000
267100,95.188000,52.858000
267200,99.848000,52.540000
267300,100.126000,52.277000
267400,97.521000,50.723000
267500,96.113000,50.747000
267600,96.257000,53.095000
267700,104.771000,56.336000
267800,108.015000,56.433000
267900,110.392000,57.800000
268000,112.420000,57.637000
268100,107.296000,55.351000
268200,103.155000,55.943000
268300,104.773000,54.941000
268400,101.944000,52.866000
268500,99.410000,52.951000
268600,99.979000,52.905000
268700,96.320000,50.917000
268800,96.365000,51.092000
268900,96.211000,51.400000
269000,98.021000,52.108000
269100,97.343000,52.802000
269200,101.139000,53.762000
269300,100.100000,52.970000
269400,100.274000,52.931000
269500,101.887000,53.798000
269600,111.068000,57.570000
269700,109.705000,58.361000
269800,121.561000,63.901000
269900,118.863000,64.695000
270000,125.819000,60.626000
270100,116.074000,64.630000
270200,114.523000,60.365000
270300,126.141000,60.065000
270400,112.251000,65.732000
270500,117.171000,64.238000
270600,132.910000,75.986000
270700,130.881000,68.292000
270800,127.583000,69.080000
270900,120.647000,62.498000
271000,116.916000,62.177000
271100,117.548000,60.196000
271200,113.597000,61.336000
271300,110.261000,57.325000
271400,105.430000,54.952000
271500,101.747000,53.770000
271600,101.647000,54.009000
271700,103.157000,54.861000
271800,106.414000,56.360000
271900,107.971000,55.846000
272000,115.683000,62.945000
272100,122.853000,63.758000
272200,154.299000,74.476000
272300,136.393000,68.820000
272400,133.194000,65.769000
272500,119.972000,61.735000
272600,112.763000,57.836000
272700,108.618000,55.494000
272800,104.836000,55.174000
272900,101.318000,53.794000
273000,101.288000,53.652000
273100,98.550000,51.902000
273200,99.408000,52.019000
273300,98.040000,52.350000
273400,99.546000,53.766000
273500,102.286000,51.908000
273600,100.973000,56.796000
273700,104.478000,58.442000
273800,113.439000,61.200000
273900,117.381000,64.010000
274000,120.881000,62.334000
274100,122.066000,61.842000
274200,116.744000,63.671000
274300,121.420000,65.519000
274400,123.490000,63.128000
274500,116.270000,59.657000
274600,116.607000,62.383000
274700,111.686000,58.127000
274800,109.583000,56.127000
274900,105.530000,54.846000
275000,102.290000,53.960000
275100,102.686000,52.984000
275200,99.162000,52.416000
275300,98.759000,52.676000
275400,98.660000,52.638000
275500,99.358000,51.973000
275600,98.533000,52.431000
275700,99.077000,52.457000
275800,107.152000,57.320000
275900,114.526000,60.922000
276000,115.365000,60.645000
276100,112.443000,58.535000
276200,108.030000,56.267000
276300,105.193000,54.410000
276400,102.850000,54.323000
276500,102.066000,52.324000
276600,99.901000,52.686000
276700,99.882000,52.995000
276800,99.477000,52.772000
276900,99.504000,52.714000
277000,99.532000,52.290000
277100,97.766000,52.868000
277200,99.414000,52.764000
277300,101.882000,52.771000
277400,100.630000,52.824000
277500,104.157000,55.832000
277600,110.879000,63.725000
277700,116.023000,74.849000
277800,126.567000,69.112000
277900,128.038000,69.227000
278000,145.012000,70.669000
278100,132.256000,68.649000
278200,126.308000,66.154000
278300,121.279000,64.814000
278400,124.468000,64.247000
278500,123.766000,64.315000
278600,118.281000,63.412000
278700,116.705000,62.113000
278800,112.471000,60.439000
278900,133.387000,78.665000
279000,150.216000,82.382000
279100,145.412000,73.955000
279200,132.910000,66.515000
279300,120.762000,62.541000
279400,116.656000,61.516000
279500,115.292000,62.010000
279600,112.645000,58.817000
279700,108.197000,59.325000
279800,109.867000,57.290000
279900,105.236000,57.468000
280000,109.614000,56.443000
280100,103.838000,55.637000
280200,117.232000,62.345000
280300,124.486000,74.535000
280400,136.855000,71.154000
280500,176.172000,89.298000
280600,147.393000,74.664000
280700,135.731000,67.571000
280800,122.068000,62.053000
280900,114.536000,59.369000
281000,109.142000,57.281000
281100,108.643000,55.950000
281200,104.500000,55.304000
281300,104.328000,55.344000
281400,104.651000,55.261000
281500,104.628000,55.410000
281600,104.989000,55.417000
281700,104.617000,55.537000
281800,105.060000,55.367000
281900,104.835000,55.882000
282000,104.816000,55.942000
282100,104.838000,55.832000
282200,110.591000,60.399000
282300,132.111000,80.264000
282400,120.989000,62.562000
282500,116.412000,61.814000
282600,121.458000,69.465000
282700,125.107000,65.437000
282800,126.138000,66.533000
282900,130.690000,72.198000
283000,135.871000,70.771000
283100,138.943000,72.281000
283200,129.954000,71.214000
283300,125.339000,66.545000
283400,122.179000,63.018000
283500,124.356000,62.950000
283600,118.382000,60.671000
283700,113.795000,60.830000
283800,116.578000,62.666000
283900,121.401000,61.485000
284000,120.609000,62.610000
284100,114.421000,68.089000
284200,139.634000,74.278000
284300,121.991000,62.592000
284400,116.057000,60.523000
284500,109.896000,58.397000
284600,107.156000,56.439000
284700,106.047000,55.712000
284800,108.331000,58.285000
284900,110.704000,58.997000
285000,109.700000,58.117000
285100,108.618000,56.103000
285200,106.774000,56.115000
285300,106.162000,56.347000
285400,110.853000,65.487000
285500,126.376000,69.581000
285600,132.492000,68.859000
285700,129.237000,66.245000
285800,121.859000,63.141000
285900,114.858000,60.800000
286000,111.075000,58.892000
286100,110.137000,56.332000
286200,107.472000,56.416000
286300,106.308000,56.813000
286400,108.814000,57.618000
286500,107.720000,56.515000
286600,109.195000,56.652000
286700,107.006000,56.498000
286800,103.237000,54.289000
286900,103.702000,54.593000
287000,103.532000,54.777000
287100,103.649000,56.085000
287200,109.772000,56.789000
287300,106.290000,55.095000
287400,103.576000,54.712000
287500,103.763000,56.977000
287600,108.448000,56.641000
287700,107.572000,59.275000
287800,108.158000,57.482000
287900,107.410000,59.898000
288000,111.186000,57.690000
288100,108.456000,58.161000
288200,107.221000,58.469000
288300,107.614000,57.080000
288400,107.435000,56.358000
288500,104.114000,54.984000
288600,103.465000,54.965000
288700,103.456000,55.071000
288800,104.031000,54.573000
288900,100.590000,53.572000
289000,100.461000,55.004000
289100,103.601000,54.491000
289200,100.348000,53.314000
289300,100.500000,53.910000
289400,103.288000,55.569000
289500,106.199000,64.188000
289600,117.064000,61.017000
289700,130.116000,64.448000
289800,127.339000,69.752000
289900,132.418000,76.599000
290000,140.749000,73.335000
290100,134.812000,71.761000
290200,135.820000,75.295000
290300,133.281000,68.373000
290400,129.971000,76.419000
290500,136.918000,76.987000
290600,144.799000,95.831000
290700,175.050000,85.569000
290800,170.655000,111.242000
290900,182.467000,92.376000
291000,186.289000,106.412000
291100,205.813000,95.974000
291200,175.854000,86.628000
291300,165.355000,86.875000
291400,163.801000,87.308000
291500,151.623000,82.170000
291600,150.392000,77.027000
291700,143.575000,76.426000
291800,149.133000,80.266000
291900,158.776000,91.085000
292000,151.116000,79.908000
292100,147.884000,76.430000
292200,145.520000,76.670000
292300,143.456000,71.676000
292400,128.833000,66.018000
292500,120.294000,66.344000
292600,123.093000,62.228000
292700,124.108000,65.124000
292800,118.866000,65.234000
292900,132.538000,65.463000
293000,120.687000,64.697000
293100,121.120000,62.853000
293200,119.251000,62.509000
293300,114.431000,61.751000
293400,115.435000,60.136000
293500,109.241000,57.853000
293600,109.443000,57.742000
293700,106.312000,57.768000
293800,113.108000,59.924000
293900,111.743000,62.509000
294000,120.371000,62.108000
294100,115.049000,59.868000
294200,110.682000,58.629000
294300,117.509000,62.696000
294400,117.948000,60.650000
294500,115.243000,60.822000
294600,115.040000,60.643000
294700,112.035000,57.980000
294800,109.317000,58.422000
294900,106.839000,55.959000
295000,106.273000,55.688000
295100,106.281000,57.162000
295200,116.050000,60.562000
295300,113.366000,58.281000
295400,109.682000,58.421000
295500,107.825000,56.243000
295600,105.841000,56.077000
295700,105.817000,56.657000
295800,108.880000,60.527000
295900,118.965000,65.936000
296000,128.491000,63.593000
296100,118.474000,64.995000
296200,132.690000,68.147000
296300,123.129000,63.248000
296400,117.554000,66.501000
296500,120.621000,64.064000
296600,118.014000,60.402000
296700,115.959000,61.372000
296800,115.498000,61.470000
296900,111.041000,58.752000
297000,111.029000,58.154000
297100,110.124000,58.546000
297200,110.357000,58.549000
297300,108.780000,56.478000
297400,106.649000,56.581000
297500,107.027000,56.922000
297600,106.803000,56.615000
297700,107.010000,56.693000
297800,106.676000,56.602000
297900,110.358000,58.511000
298000,111.489000,68.896000
298100,120.350000,61.858000
298200,115.530000,61.356000
298300,112.363000,59.824000
298400,111.971000,59.564000
298500,110.867000,58.591000
298600,110.076000,67.171000
298700,138.891000,78.396000
298800,143.715000,73.029000
298900,135.619000,73.561000
299000,142.156000,75.157000
299100,135.348000,68.112000
299200,127.659000,67.882000
299300,131.498000,67.332000
299400,126.054000,64.435000
299500,122.041000,63.785000
299600,118.714000,62.402000
299700,115.410000,61.494000
299800,123.152000,63.336000
299900,115.805000,61.107000
300000,111.750000,59.233000
300100,112.266000,58.776000
300200,111.269000,57.858000
300300,108.265000,57.410000
300400,107.895000,57.263000
300500,107.886000,57.406000
300600,107.182000,58.023000
300700,109.603000,57.523000
300800,117.636000,61.498000
300900,123.295000,65.762000
301000,122.224000,63.723000
301100,125.679000,63.336000
301200,118.594000,61.462000
301300,114.044000,61.345000
301400,112.918000,59.417000
301500,116.689000,64.764000
301600,117.936000,61.571000
301700,118.973000,63.871000
301800,116.171000,60.995000
301900,119.560000,65.045000
302000,125.038000,66.670000
302100,125.672000,65.549000
302200,123.415000,66.197000
302300,120.866000,65.739000
302400,124.976000,70.112000
302500,138.600000,78.248000
302600,131.497000,70.564000
302700,128.554000,66.531000
302800,120.656000,62.298000
302900,116.631000,59.873000
303000,114.679000,59.807000
303100,115.600000,61.935000
303200,122.302000,63.339000
303300,126.632000,70.439000
303400,144.072000,82.468000
303500,170.721000,110.431000
303600,171.552000,89.624000
303700,177.865000,87.711000
303800,159.078000,80.419000
303900,142.991000,72.269000
304000,129.269000,66.766000
304100,121.439000,63.588000
304200,117.942000,62.310000
304300,113.021000,60.325000
304400,113.326000,60.534000
304500,114.073000,58.298000
304600,109.460000,58.225000
304700,110.297000,58.159000
304800,112.746000,60.527000
304900,113.569000,60.082000
305000,111.466000,58.022000
305100,110.600000,58.823000
305200,110.606000,58.090000
305300,109.652000,58.561000
305400,109.406000,58.423000
305500,109.816000,58.522000
305600,109.672000,57.797000
305700,106.123000,56.306000
305800,106.757000,56.510000
305900,110.470000,58.405000
306000,114.184000,62.709000
306100,136.377000,95.488000
306200,200.510000,117.802000
306300,243.929000,141.775000
306400,254.335000,131.152000
306500,229.470000,141.372000
306600,195.113000,94.932000
306700,176.126000,93.741000
306800,166.266000,84.807000
306900,159.318000,85.007000
307000,167.209000,94.614000
307100,190.020000,102.336000
307200,212.989000,118.131000
307300,219.810000,125.834000
307400,193.928000,104.086000
307500,211.133000,100.750000
307600,204.253000,93.407000
307700,164.251000,84.482000
307800,158.148000,87.592000
307900,153.457000,84.883000
308000,172.572000,94.836000
308100,186.080000,100.824000
308200,189.199000,107.665000
308300,196.928000,100.751000
308400,172.614000,89.774000
308500,160.254000,73.895000
308600,137.312000,70.573000
308700,128.170000,69.006000
308800,123.395000,64.741000
308900,118.927000,63.024000
309000,120.406000,62.792000
309100,115.015000,60.960000
309200,115.086000,62.664000
309300,115.880000,60.602000
309400,115.209000,61.797000
309500,121.952000,66.655000
309600,132.903000,67.952000
309700,123.777000,74.607000
309800,125.899000,65.721000
309900,141.712000,82.290000
310000,144.020000,74.148000
310100,177.993000,112.347000
310200,195.291000,96.828000
310300,184.726000,95.726000
310400,164.812000,87.825000
310500,181.040000,89.258000
310600,161.988000,87.064000
310700,163.214000,86.915000
310800,159.724000,94.343000
310900,156.877000,78.458000
311000,146.126000,73.315000
311100,132.231000,70.358000
311200,124.190000,63.783000
311300,119.633000,60.867000
311400,116.158000,61.434000
311500,112.681000,59.362000
311600,113.168000,60.228000
311700,111.779000,59.355000
311800,111.847000,57.556000
311900,109.545000,73.648000
312000,117.375000,61.650000
312100,117.154000,63.879000
312200,118.217000,61.945000
312300,116.905000,62.042000
312400,118.436000,59.430000
312500,112.565000,59.711000
312600,126.916000,65.128000
312700,122.115000,64.216000
312800,117.931000,61.818000
312900,117.435000,61.670000
313000,116.572000,60.148000
313100,112.688000,60.356000
313200,112.675000,59.465000
313300,112.458000,59.855000
313400,110.930000,57.657000
313500,108.872000,57.836000
313600,108.954000,57.823000
313700,113.395000,59.776000
313800,112.725000,59.775000
313900,112.572000,57.836000
314000,109.256000,57.814000
314100,109.020000,57.889000
314200,110.571000,61.594000
314300,112.876000,59.685000
314400,113.275000,59.267000
314500,110.214000,57.987000
314600,109.120000,57.890000
314700,110.432000,60.753000
314800,115.799000,60.007000
314900,113.467000,60.170000
315000,114.110000,60.938000
315100,113.132000,60.166000
315200,113.350000,60.101000
315300,115.729000,60.458000
315400,114.768000,60.282000
315500,113.389000,60.392000
315600,114.536000,60.264000
315700,114.270000,60.658000
315800,114.246000,62.923000
315900,116.536000,60.102000
316000,114.868000,60.523000
316100,114.833000,60.582000
316200,117.611000,62.371000
316300,117.954000,63.440000
316400,116.892000,60.174000
316500,114.466000,60.017000
316600,115.251000,60.352000
316700,113.736000,60.449000
316800,114.201000,60.774000
316900,117.104000,60.697000
317000,114.216000,60.314000
317100,114.183000,61.164000
317200,113.951000,59.766000
317300,110.221000,58.640000
317400,111.800000,60.425000
317500,114.322000,60.002000
317600,110.666000,58.325000
317700,110.866000,58.417000
317800,110.405000,60.411000
317900,114.109000,61.708000
318000,114.548000,60.076000
318100,110.772000,58.578000
318200,111.870000,58.765000
318300,110.622000,60.547000
318400,114.265000,60.331000
318500,112.640000,58.178000
318600,110.493000,58.551000
318700,114.328000,60.760000
318800,113.931000,58.722000
318900,110.537000,58.682000
319000,111.131000,60.955000
319100,114.390000,61.285000
319200,114.281000,60.830000
319300,115.938000,60.745000
319400,115.332000,60.714000
319500,112.604000,59.033000
319600,110.824000,60.696000
319700,114.614000,60.903000
319800,113.239000,59.134000
319900,110.877000,58.780000
320000,137.628000,68.721000
320100,128.640000,65.356000
320200,123.324000,63.180000
320300,119.382000,67.723000
320400,119.059000,63.193000
320500,119.413000,63.412000
320600,120.875000,62.850000
320700,120.015000,63.342000
320800,124.119000,73.085000
320900,123.161000,65.345000
321000,119.378000,63.187000
321100,119.240000,62.792000
321200,115.081000,61.077000
321300,117.247000,61.216000
321400,115.140000,61.226000
321500,115.313000,59.987000
321600,112.794000,58.833000
321700,111.493000,61.080000
321800,115.270000,60.873000
321900,111.500000,59.251000
322000,111.738000,59.212000
322100,118.746000,61.300000
322200,115.337000,61.148000
322300,114.427000,59.563000
322400,112.760000,60.725000
322500,115.550000,61.286000
322600,114.068000,59.729000
322700,113.862000,61.222000
322800,114.914000,59.463000
322900,112.438000,59.474000
323000,112.231000,61.613000
323100,116.086000,61.484000
323200,116.238000,61.408000
323300,114.271000,59.375000
323400,112.121000,60.387000
323500,124.922000,61.509000
323600,116.316000,61.112000
323700,117.717000,60.195000
323800,112.110000,59.415000
323900,112.245000,59.559000
324000,112.512000,60.561000
324100,116.098000,61.568000
324200,115.227000,59.666000
324300,115.901000,61.578000
324400,116.108000,61.664000
324500,116.691000,59.974000
324600,112.366000,60.531000
324700,113.267000,62.639000
324800,116.103000,61.868000
324900,116.657000,61.778000
325000,117.574000,60.860000
325100,112.543000,59.780000
325200,112.812000,62.257000
325300,116.997000,61.752000
325400,116.501000,61.775000
325500,113.325000,60.463000
325600,112.753000,60.050000
325700,113.712000,61.477000
325800,117.850000,61.890000
325900,115.864000,59.909000
326000,112.827000,59.982000
326100,112.831000,59.908000
326200,116.714000,61.857000
326300,116.870000,60.283000
326400,113.035000,61.750000
326500,116.697000,62.088000
326600,117.966000,68.177000
326700,117.661000,61.735000
326800,115.523000,61.620000
326900,117.253000,62.499000
327000,116.698000,60.057000
327100,113.808000,60.228000
327200,114.294000,62.014000
327300,116.949000,64.767000
327400,117.080000,62.148000
327500,113.454000,60.068000
327600,114.718000,60.202000
327700,115.844000,61.764000
327800,117.352000,62.336000
327900,117.897000,62.042000
328000,114.701000,60.179000
328100,113.591000,60.867000
328200,113.592000,60.177000
328300,117.508000,62.425000
328400,118.272000,62.201000
328500,113.855000,60.324000
328600,113.746000,60.285000
328700,116.009000,61.929000
328800,117.600000,62.976000
328900,119.149000,62.951000
329000,120.443000,62.373000
329100,118.640000,60.780000
329200,114.543000,60.458000
329300,114.039000,60.698000
329400,114.399000,63.071000
329500,117.967000,62.520000
329600,115.757000,60.562000
329700,114.641000,60.585000
329800,115.211000,62.257000
329900,118.228000,63.019000
330000,118.403000,62.015000
330100,114.567000,60.742000
330200,115.226000,60.800000
330300,114.464000,62.591000
330400,118.398000,62.259000
330500,122.671000,63.636000
330600,118.585000,63.130000
330700,123.072000,67.614000
330800,137.863000,76.244000
330900,136.009000,70.630000
331000,130.766000,68.686000
331100,132.974000,71.779000
331200,139.646000,77.917000
331300,146.006000,75.757000
331400,137.291000,70.198000
331500,132.740000,68.088000
331600,126.417000,65.730000
331700,123.180000,65.258000
331800,120.677000,63.084000
331900,119.949000,63.190000
332000,119.211000,63.091000
332100,119.423000,62.823000
332200,115.226000,61.213000
332300,115.428000,61.899000
332400,119.927000,63.260000
332500,119.212000,61.311000
332600,116.236000,61.162000
332700,115.400000,61.233000
332800,116.001000,61.179000
332900,119.881000,63.331000
333000,119.271000,63.259000
333100,117.820000,61.331000
333200,115.627000,61.460000
333300,116.378000,61.467000
333400,120.113000,63.418000
333500,119.458000,61.419000
333600,116.116000,62.162000
333700,115.806000,61.527000
333800,116.294000,63.538000
333900,120.799000,63.125000
334000,118.799000,61.466000
334100,116.117000,63.065000
334200,119.974000,63.756000
334300,120.490000,69.571000
334400,143.610000,84.230000
334500,160.906000,77.759000
334600,141.138000,73.050000
334700,133.620000,68.962000
334800,130.631000,67.974000
334900,125.681000,65.667000
335000,123.594000,64.452000
335100,120.458000,63.892000
335200,120.728000,63.757000
335300,120.619000,63.922000
335400,119.724000,62.031000
335500,118.134000,63.998000
335600,120.426000,65.723000
335700,131.253000,75.044000
335800,149.946000,83.446000
335900,148.416000,74.469000
336000,144.996000,83.117000
336100,155.357000,81.214000
336200,145.845000,75.022000
336300,137.269000,72.783000
336400,138.733000,71.337000
336500,136.648000,71.144000
336600,140.188000,78.518000
336700,142.108000,75.352000
336800,135.014000,70.504000
336900,138.843000,77.683000
337000,142.759000,75.814000
337100,158.071000,77.305000
337200,150.294000,85.402000
337300,144.210000,76.285000
337400,138.779000,73.813000
337500,137.479000,69.663000
337600,130.853000,68.912000
337700,131.820000,69.898000
337800,132.510000,69.339000
337900,130.266000,67.044000
338000,138.254000,71.294000
338100,135.019000,76.460000
338200,133.562000,69.578000
338300,129.090000,67.621000
338400,128.244000,72.501000
338500,139.090000,72.962000
338600,141.001000,75.189000
338700,162.488000,88.882000
338800,199.082000,93.681000
338900,169.578000,86.166000
339000,164.231000,85.936000
339100,158.836000,100.397000
339200,172.914000,96.147000
339300,187.876000,106.173000
339400,202.042000,101.429000
339500,187.425000,89.807000
339600,155.974000,78.606000
339700,149.229000,79.419000
339800,155.828000,79.541000
339900,144.392000,79.048000
340000,143.955000,76.585000
340100,139.679000,74.856000
340200,134.365000,69.777000
340300,131.762000,67.286000
340400,126.937000,67.776000
340500,126.465000,69.265000
340600,127.015000,67.385000
340700,127.070000,67.741000
340800,122.708000,65.095000
340900,123.212000,65.085000
341000,123.218000,63.448000
341100,118.864000,63.006000
341200,118.814000,67.962000
341300,123.050000,65.350000
341400,125.494000,69.644000
341500,132.028000,69.052000
341600,127.267000,67.525000
341700,125.609000,65.164000
341800,122.946000,65.254000
341900,123.012000,65.774000
342000,122.873000,63.175000
342100,119.731000,62.849000
342200,120.162000,63.394000
342300,123.342000,65.597000
342400,119.238000,63.837000
342500,119.393000,63.246000
342600,121.396000,65.594000
342700,124.951000,69.430000
342800,133.728000,68.963000
342900,127.544000,67.260000
343000,123.332000,65.551000
343100,123.947000,65.088000
343200,124.754000,65.778000
343300,120.890000,63.471000
343400,119.907000,63.769000
343500,119.946000,63.633000
343600,119.722000,65.612000
343700,125.036000,65.698000
343800,123.653000,64.426000
343900,121.631000,63.660000
344000,119.977000,63.754000
344100,120.414000,63.254000
344200,124.105000,65.844000
344300,123.718000,63.783000
344400,120.354000,63.909000
344500,120.011000,63.939000
344600,124.025000,66.029000
344700,125.191000,64.645000
344800,120.281000,63.745000
344900,120.456000,63.910000
345000,122.105000,65.969000
345100,123.524000,63.549000
345200,120.556000,63.914000
345300,122.328000,66.016000
345400,123.732000,63.998000
345500,121.956000,64.119000
345600,120.382000,64.097000
345700,128.354000,69.954000
345800,130.924000,68.433000
345900,129.797000,67.182000
346000,124.768000,66.118000
346100,124.565000,67.752000
346200,125.169000,65.846000
346300,124.656000,66.180000
346400,125.324000,66.256000
346500,125.004000,66.160000
346600,121.713000,64.201000
346700,122.803000,66.389000
346800,123.638000,64.207000
346900,121.193000,64.139000
347000,121.339000,66.379000
347100,125.795000,66.465000
347200,123.846000,63.915000
347300,121.056000,65.537000
347400,121.103000,64.194000
347500,124.254000,67.270000
347600,126.370000,73.130000
347700,134.692000,68.743000
347800,130.854000,68.891000
347900,131.261000,73.477000
348000,132.143000,69.196000
348100,129.736000,68.825000
348200,125.905000,66.990000
348300,125.606000,66.561000
348400,125.531000,66.780000
348500,125.485000,67.430000
348600,126.337000,66.877000
348700,126.466000,67.708000
348800,132.191000,69.521000
348900,178.627000,95.043000
349000,174.458000,112.993000
349100,197.672000,96.551000
349200,190.431000,93.945000
349300,180.674000,99.751000
349400,206.102000,125.489000
349500,214.025000,96.338000
349600,171.880000,87.616000
349700,162.261000,81.314000
349800,147.647000,77.157000
349900,140.584000,77.041000
350000,157.372000,82.275000
350100,149.612000,76.453000
350200,142.073000,74.610000
350300,135.803000,69.962000
350400,132.166000,69.604000
350500,131.153000,69.694000
350600,130.105000,67.370000
350700,133.165000,69.442000
350800,128.239000,67.544000
350900,127.689000,71.237000
351000,168.546000,100.690000
351100,209.896000,120.530000
351200,220.023000,136.057000
351300,254.801000,126.043000
351400,267.164000,142.479000
351500,262.867000,148.510000
351600,254.229000,114.964000
351700,201.662000,101.326000
351800,180.270000,102.867000
351900,188.190000,138.336000
352000,249.425000,139.856000
352100,236.446000,144.630000
352200,288.912000,159.723000
352300,317.771000,171.617000
352400,296.429000,164.260000
352500,318.901000,164.560000
352600,242.973000,146.268000
352700,239.910000,115.384000
352800,201.121000,104.059000
352900,189.170000,99.944000
353000,181.562000,90.519000
353100,167.615000,85.401000
353200,152.317000,78.044000
353300,142.380000,72.327000
353400,136.809000,69.912000
353500,131.686000,69.687000
353600,129.162000,68.127000
353700,127.501000,67.643000
353800,127.334000,68.332000
353900,126.887000,65.625000
354000,123.576000,65.514000
354100,133.711000,72.077000
354200,136.112000,70.388000
354300,133.628000,70.067000
354400,132.533000,68.349000
354500,128.328000,67.789000
354600,128.127000,68.528000
354700,128.084000,68.525000
354800,128.011000,67.877000
354900,127.980000,67.909000
355000,127.689000,68.227000
355100,128.714000,67.052000
355200,123.832000,66.081000
355300,123.624000,66.355000
355400,124.317000,65.278000
355500,123.702000,66.031000
355600,128.723000,68.106000
355700,129.595000,69.054000
355800,149.816000,93.223000
355900,203.876000,119.927000
356000,233.322000,127.889000
356100,224.622000,139.227000
356200,271.965000,145.773000
356300,274.962000,166.687000
356400,298.431000,160.157000
356500,267.190000,123.898000
356600,232.880000,111.791000
356700,210.069000,122.123000
356800,226.473000,125.072000
356900,202.271000,103.545000
357000,179.279000,100.168000
357100,174.544000,101.881000
357200,166.853000,87.034000
357300,156.001000,79.229000
357400,145.378000,73.989000
357500,137.445000,71.107000
357600,133.398000,70.141000
357700,129.402000,68.846000
357800,129.244000,68.684000
357900,128.786000,66.638000
358000,124.753000,66.194000
358100,126.215000,69.639000
358200,129.024000,68.456000
358300,129.420000,68.392000
358400,130.198000,68.094000
358500,127.662000,68.713000
358600,129.265000,68.904000
358700,128.614000,66.524000
358800,129.192000,68.994000
358900,129.660000,69.524000
359000,129.953000,68.805000
359100,134.871000,77.643000
359200,137.159000,71.610000
359300,138.938000,73.263000
359400,134.551000,71.569000
359500,135.204000,71.157000
359600,132.734000,68.853000
359700,129.236000,68.698000
359800,129.632000,69.991000
359900,129.734000,69.058000
360000,130.298000,68.823000
360100,131.248000,71.234000
360200,131.656000,68.899000
360300,130.064000,69.119000
360400,129.537000,69.293000
360500,130.408000,68.705000
360600,129.914000,69.109000
360700,129.979000,68.920000
360800,130.294000,69.002000
360900,130.878000,69.006000
361000,128.238000,66.691000
361100,125.709000,66.875000
361200,125.640000,67.341000
361300,125.694000,66.813000
361400,129.705000,69.090000
361500,130.934000,68.056000
361600,125.933000,66.828000
361700,125.986000,67.386000
361800,125.892000,67.372000
361900,135.069000,75.409000
362000,135.125000,71.546000
362100,130.891000,69.142000
362200,130.968000,69.250000
362300,130.518000,69.268000
362400,127.239000,67.068000
362500,126.921000,66.579000
362600,126.110000,67.795000
362700,126.111000,67.339000
362800,131.197000,69.300000
362900,130.455000,68.828000
363000,126.208000,67.133000
363100,126.949000,70.004000
363200,130.312000,69.134000
363300,126.744000,67.135000
363400,126.317000,67.110000
363500,126.477000,67.140000
363600,129.305000,69.118000
363700,131.332000,67.879000
363800,126.609000,67.334000
363900,126.524000,67.299000
364000,130.848000,69.478000
364100,127.646000,67.470000
364200,127.139000,67.299000
364300,126.815000,67.520000
364400,130.911000,69.804000
364500,127.098000,68.044000
364600,127.325000,67.410000
364700,131.559000,69.770000
364800,130.304000,67.407000
364900,127.042000,67.567000
365000,127.266000,67.488000
365100,127.028000,69.301000
365200,131.336000,69.869000
365300,128.402000,67.638000
365400,127.104000,67.420000
365500,127.824000,67.546000
365600,132.513000,69.452000
365700,129.558000,67.805000
365800,127.333000,67.814000
365900,127.575000,68.176000
366000,127.297000,69.895000
366100,132.022000,69.971000
366200,132.232000,70.189000
366300,131.849000,67.848000
366400,128.139000,67.843000
366500,127.641000,68.587000
366600,132.418000,69.562000
366700,129.884000,67.792000
366800,127.589000,67.775000
366900,128.177000,67.877000
367000,131.305000,70.257000
367100,132.113000,67.758000
367200,127.795000,68.074000
367300,127.660000,68.410000
367400,128.061000,68.174000
367500,132.321000,70.200000
367600,130.735000,68.043000
367700,128.469000,67.599000
367800,128.442000,68.082000
367900,128.216000,70.668000
368000,132.347000,70.383000
368100,128.026000,67.976000
368200,128.220000,68.159000
368300,128.511000,68.166000
368400,131.555000,70.479000
368500,132.676000,70.437000
368600,131.106000,68.382000
368700,129.203000,67.805000
368800,128.767000,68.264000
368900,132.361000,70.586000
369000,130.836000,68.244000
369100,128.367000,68.333000
369200,128.548000,68.384000
369300,132.995000,70.702000
369400,131.404000,68.434000
369500,128.608000,68.475000
369600,128.644000,68.295000
369700,131.233000,70.131000
369800,132.309000,68.413000
369900,128.652000,68.392000
370000,128.620000,69.926000
370100,133.022000,70.786000
370200,128.726000,68.731000
370300,139.606000,75.986000
370400,138.508000,73.219000
370500,133.313000,70.788000
370600,133.357000,70.898000
370700,134.021000,70.453000
370800,131.200000,68.565000
370900,129.144000,68.614000
371000,129.329000,71.023000
371100,134.269000,71.087000
371200,133.482000,69.662000
371300,128.984000,68.556000
371400,129.170000,68.697000
371500,130.511000,71.018000
371600,133.710000,69.700000
371700,129.692000,68.814000
371800,130.134000,68.389000
371900,130.230000,71.184000
372000,133.655000,69.646000
372100,129.805000,68.806000
372200,129.500000,68.990000
372300,133.916000,71.213000
372400,129.668000,68.865000
372500,129.574000,69.029000
372600,132.771000,71.148000
372700,134.012000,71.139000
372800,134.439000,70.039000
372900,129.845000,68.983000
373000,134.390000,76.375000
373100,142.044000,73.746000
373200,136.830000,71.341000
373300,134.438000,71.484000
373400,134.515000,71.331000
373500,134.362000,71.306000
373600,130.275000,69.079000
373700,130.214000,69.015000
373800,131.206000,71.104000
373900,134.511000,71.414000
374000,129.935000,69.087000
374100,129.999000,69.168000
374200,129.992000,69.224000
374300,134.379000,71.636000
374400,131.369000,69.239000
374500,133.551000,71.525000
374600,134.306000,69.196000
374700,134.762000,71.628000
374800,135.297000,71.257000
374900,137.598000,72.049000
375000,133.457000,69.367000
375100,130.873000,69.392000
375200,130.660000,70.324000
375300,134.861000,71.668000
375400,134.941000,71.194000
375500,130.481000,69.235000
375600,130.578000,69.467000
375700,132.511000,71.865000
375800,135.045000,71.284000
375900,131.282000,69.056000
376000,130.558000,69.603000
376100,130.788000,71.964000
376200,135.182000,71.836000
376300,132.100000,69.492000
376400,130.853000,69.665000
376500,130.752000,70.126000
376600,135.453000,71.996000
376700,133.252000,69.623000
376800,131.163000,69.655000
376900,131.282000,69.210000
377000,135.310000,72.031000
377100,133.442000,69.721000
377200,131.053000,69.708000
377300,131.230000,71.945000
377400,135.706000,70.666000
377500,131.340000,69.684000
377600,131.187000,71.864000
377700,136.096000,72.124000
377800,132.987000,69.892000
377900,131.738000,69.312000
378000,131.786000,72.174000
378100,135.682000,70.814000
378200,131.711000,70.013000
378300,131.556000,69.831000
378400,134.216000,72.402000
378500,135.818000,70.014000
378600,131.544000,69.968000
378700,131.500000,69.959000
378800,131.852000,72.266000
378900,137.214000,71.882000
379000,132.576000,70.111000
379100,131.665000,69.968000
379200,131.844000,72.465000
379300,136.066000,71.617000
379400,131.959000,70.193000
379500,131.851000,70.140000
379600,131.881000,72.507000
379700,136.244000,71.101000
379800,131.977000,72.448000
379900,136.849000,72.104000
380000,132.207000,70.269000
380100,132.178000,70.228000
380200,132.084000,72.319000
380300,136.551000,72.617000
380400,133.867000,70.244000
380500,132.178000,70.201000
380600,132.218000,72.703000
380700,136.799000,72.902000
380800,132.378000,70.379000
380900,132.160000,70.365000
381000,132.991000,72.247000
381100,136.914000,72.258000
381200,132.692000,70.399000
381300,132.501000,70.322000
381400,132.558000,72.803000
381500,136.854000,71.369000
381600,132.476000,70.583000
381700,132.523000,72.646000
381800,137.100000,71.278000
381900,132.759000,70.534000
382000,133.996000,70.315000
382100,136.686000,73.053000
382200,137.158000,73.038000
382300,133.075000,70.685000
382400,132.996000,72.745000
382500,137.337000,73.190000
382600,133.540000,70.605000
382700,133.197000,71.898000
382800,137.627000,73.198000
382900,137.306000,70.957000
383000,134.084000,72.646000
383100,137.408000,73.276000
383200,133.869000,70.847000
383300,133.161000,70.920000
383400,136.616000,73.312000
383500,137.903000,73.218000
383600,133.455000,70.929000
383700,137.287000,73.266000
383800,136.428000,70.927000
383900,133.398000,70.980000
384000,136.074000,72.948000
384100,136.040000,70.986000
384200,133.511000,71.084000
384300,137.950000,73.439000
384400,137.987000,72.719000
384500,133.723000,71.074000
384600,133.504000,71.131000
384700,135.389000,73.441000
384800,138.211000,73.512000
384900,133.732000,71.161000
385000,133.475000,71.221000
385100,134.452000,73.221000
385200,138.319000,73.507000
385300,133.908000,71.162000
385400,134.159000,71.257000
385500,133.937000,72.990000
385600,138.695000,73.755000
385700,135.345000,71.174000
385800,133.833000,71.309000
385900,133.774000,71.326000
386000,136.481000,73.832000
386100,139.122000,73.243000
386200,134.162000,71.225000
386300,134.207000,73.545000
386400,138.702000,71.982000
386500,134.319000,71.638000
386600,138.786000,74.013000
386700,136.113000,71.691000
386800,134.306000,81.198000
386900,155.906000,83.575000
387000,155.303000,84.043000
387100,150.051000,78.735000
387200,143.866000,76.927000
387300,143.287000,77.313000
387400,145.510000,86.442000
387500,157.918000,84.675000
387600,155.869000,88.144000
387700,155.938000,79.598000
387800,151.947000,80.622000
387900,149.309000,77.737000
388000,145.319000,77.026000
388100,153.736000,79.556000
388200,145.094000,76.664000
388300,144.462000,74.524000
388400,139.337000,74.034000
388500,139.907000,74.952000
388600,145.602000,77.223000
388700,145.719000,79.164000
388800,147.319000,80.862000
388900,146.981000,82.605000
389000,152.010000,80.590000
389100,154.832000,82.610000
389200,150.935000,86.062000
389300,152.367000,79.947000
389400,145.310000,77.363000
389500,146.595000,76.897000
389600,149.560000,79.885000
389700,145.358000,77.514000
389800,144.516000,74.500000
389900,139.681000,75.122000
390000,139.893000,74.238000
390100,139.609000,72.153000
390200,136.249000,72.965000
390300,139.713000,74.393000
390400,136.436000,71.904000
390500,138.533000,79.174000
390600,173.781000,104.317000
390700,184.981000,110.739000
390800,220.276000,118.542000
390900,224.279000,112.337000
391000,203.600000,106.794000
391100,196.093000,100.767000
391200,188.131000,102.380000
391300,198.478000,111.059000
391400,224.605000,107.158000
391500,190.574000,95.821000
391600,168.560000,86.164000
391700,154.893000,80.079000
391800,149.339000,77.519000
391900,145.633000,76.063000
392000,141.176000,74.808000
392100,140.500000,74.609000
392200,141.294000,72.952000
392300,137.580000,73.808000
392400,141.110000,74.780000
392500,139.903000,72.406000
392600,136.479000,72.499000
392700,136.789000,74.651000
392800,140.455000,73.407000
392900,136.204000,72.523000
393000,136.237000,72.871000
393100,140.636000,75.089000
393200,137.263000,72.413000
393300,137.475000,72.049000
393400,137.570000,74.906000
393500,141.405000,73.503000
393600,138.996000,79.633000
393700,149.841000,79.850000
393800,146.502000,76.138000
393900,141.902000,75.229000
394000,142.666000,75.741000
394100,141.975000,75.764000
394200,141.468000,75.332000
394300,145.452000,87.501000
394400,224.707000,147.958000
394500,218.692000,121.722000
394600,237.271000,136.386000
394700,246.328000,137.674000
394800,292.109000,175.057000
394900,270.690000,126.890000
395000,220.987000,110.917000
395100,198.073000,126.198000
395200,217.846000,129.037000
395300,285.830000,172.820000
395400,326.742000,143.734000
395500,300.986000,139.157000
395600,262.854000,134.694000
395700,249.174000,130.110000
395800,224.727000,114.493000
395900,207.484000,107.958000
396000,192.934000,98.462000
396100,175.760000,87.548000
396200,159.419000,81.572000
396300,153.764000,78.017000
396400,147.388000,77.827000
396500,143.434000,75.746000
396600,142.610000,75.770000
396700,143.529000,75.842000
396800,144.942000,82.288000
396900,152.022000,78.894000
397000,149.483000,78.605000
397100,147.788000,79.145000
397200,143.785000,75.832000
397300,143.315000,76.284000
397400,143.520000,73.674000
397500,138.545000,73.486000
397600,138.161000,73.518000
397700,138.144000,73.851000
397800,138.341000,74.896000
397900,142.925000,75.029000
398000,138.693000,73.606000
398100,138.431000,73.696000
398200,143.386000,76.105000
398300,140.077000,73.671000
398400,139.828000,73.148000
398500,138.621000,73.836000
398600,140.411000,76.317000
398700,142.765000,73.639000
398800,139.265000,73.963000
398900,138.739000,73.777000
399000,141.282000,77.990000
399100,172.913000,100.287000
399200,227.963000,134.112000
399300,254.146000,158.981000
399400,256.239000,128.975000
399500,247.423000,139.187000
399600,287.819000,153.519000
399700,332.552000,179.041000
399800,292.155000,130.914000
399900,255.057000,144.711000
400000,227.833000,118.392000
